{
	"name": "spellTemplateManager",
	"title": "Spell Template Manager",
	"description": "A simple module for automatically removing spell templates when spell duration is completed. Also maintains a single concentration spell per character.  Optionally supports the About Time module for handling of timing.",
	"author": "bitkiller0",
	"version": "2.1.3",
	"minimumCoreVersion": "0.8.6",
	"compatibleCoreVersion": "0.8.8",
	"dependencies": [
		{
			"name": "colorsettings"
		},
		{
			"name": "lib-wrapper"
		}
	],
	"esmodules": [
		"scripts/spellTemplateManager.js",
		"scripts/Hooks.js",
		"scripts/settings.js",
		"scripts/stmData.js",
		"scripts/stmUtils.js",
		"scripts/textures.js",
		"scripts/UI.js",
		"scripts/UIPatches.js"
	],
	"system": ["dnd5e", "pf2e"],
	"languages": [
    		{
			"lang": "en",
			"name": "English",
			"path": "lang/en.json"
		}, 		
		{
			"lang": "es",
			"name": "Español",
			"path": "lang/es.json"
		}
	],
	"url": "https://github.com/bitkiller0/spellTemplateManager",
	"manifest": "https://github.com/bitkiller0/spellTemplateManager/raw/master/module.json",
	"download": "https://github.com/bitkiller0/spellTemplateManager/archive/2.1.3.zip",
	"readme": "https://raw.githubusercontent.com/bitkiller0/spellTemplateManager/master/README.md"
}
